Article Title,Publication Year,Actionable Recommendation,Impacted Genes
"A Perspective on Ovarian Cancer Biomarkers: Past, Present and Yet-To-Come",2016,"Utilize multivariate index assays (MIAs) such as Ova1 and Overa, which combine multiple protein biomarkers including CA125-II and HE4, for preoperative triage of ovarian tumors to determine malignancy risk and guide referral to gynecologic oncologists.",ACPP
"A Perspective on Ovarian Cancer Biomarkers: Past, Present and Yet-To-Come",2016,"Incorporate serial ultrasound imaging combined with biomarker panels (e.g., CA125 interpreted by ROCA algorithm) to improve early detection and monitoring of ovarian tumors, enabling personalized, serial assessment of malignancy risk over time.",ACPP
"A Perspective on Ovarian Cancer Biomarkers: Past, Present and Yet-To-Come",2016,"Develop and implement comprehensive serum biomarker panels that combine protein and nucleic acid markers (e.g., free DNA, mRNA, microRNAs, circulating tumor DNA) to enhance selectivity and accuracy in ovarian cancer diagnostics and screening.",ACPP
"A Perspective on Ovarian Cancer Biomarkers: Past, Present and Yet-To-Come",2016,"Incorporate germ-line cancer genetic testing at birth and periodic genomic screening throughout life to identify inherited and acquired mutations, enabling personalized cancer risk assessment, behavior modification, and tailored medical surveillance.",ACPP
"Recent Advances in Ovarian Cancer: Therapeutic Strategies, Potential Biomarkers, and Technological Improvements",2022,"Use HSP90 inhibitors such as 17-AAG to induce proteasomal degradation of oncogenic proteins including Akt, thereby inhibiting the PI3K/AKT signaling pathway and enhancing apoptosis in ovarian cancer cells. Combination therapy of 17-AAG with cisplatin or taxol may improve therapeutic efficacy.","HSP90B3P, EIF4A1"
"Recent Advances in Ovarian Cancer: Therapeutic Strategies, Potential Biomarkers, and Technological Improvements",2022,"Target the PI3K/AKT/mTOR signaling pathway using mTOR inhibitors (temsirolimus, ridaforolimus, everolimus) or dual PI3K/mTOR inhibitors (SPR965) to inhibit ovarian cancer cell growth and overcome chemoresistance. Akt inhibitors like afuresertib show promise in platinum-resistant ovarian cancer and are under clinical investigation.","EIF4A1, EIF5AL1"
"Recent Advances in Ovarian Cancer: Therapeutic Strategies, Potential Biomarkers, and Technological Improvements",2022,"Employ proteasome inhibitor PS341 (bortezomib) to prevent protein degradation, thereby inhibiting NF-κB activation and increasing chemotherapy-induced apoptosis in ovarian cancer treatment.",PSMD14
"Recent Advances in Ovarian Cancer: Therapeutic Strategies, Potential Biomarkers, and Technological Improvements",2022,"Utilize tubulin-targeting agents such as taxanes and vinca alkaloids, including novel formulations like polyglutamated paclitaxel (CT2103) and albumin-bound paclitaxel (Abraxane®), to improve efficacy and reduce side effects in ovarian cancer chemotherapy.",TUBBP6
"Recent Advances in Ovarian Cancer: Therapeutic Strategies, Potential Biomarkers, and Technological Improvements",2022,"Develop and apply drug delivery systems (DDS), including nanoparticles and co-delivery systems, to enhance the delivery and efficacy of chemotherapeutic agents like cisplatin and paclitaxel, reduce toxicity, and overcome drug resistance in ovarian cancer treatment.","EIF4A1, EIF5AL1, TUBBP6"
Role of Circulating Biomarkers in Platinum-Resistant Ovarian Cancer,2021,Use circulating CA125 levels combined with ascites leptin concentration as a predictive biomarker for prognosis and response to platinum-based chemotherapy in ovarian cancer patients.,ACPP
Role of Circulating Biomarkers in Platinum-Resistant Ovarian Cancer,2021,"Target CA125 with specific single-chain antibodies to downregulate its expression and increase cisplatin cytotoxicity, potentially overcoming platinum resistance in ovarian cancer cells.",ACPP
Role of Circulating Biomarkers in Platinum-Resistant Ovarian Cancer,2021,Monitor serum HE4 levels during chemotherapy as a predictive biomarker for platinum resistance in ovarian cancer patients.,NACA2
Role of Circulating Biomarkers in Platinum-Resistant Ovarian Cancer,2021,Consider mesothelin (MSLN) expression as a prognostic biomarker and potential therapeutic target in platinum-resistant ovarian cancer due to its association with worse progression-free and overall survival.,POTEE
Role of Circulating Biomarkers in Platinum-Resistant Ovarian Cancer,2021,Apply hypomethylating agents such as azacitidine in combination with carboplatin to potentially restore platinum sensitivity in platinum-resistant ovarian cancer patients with DNA methylation alterations.,KDM3B
Role of Circulating Biomarkers in Platinum-Resistant Ovarian Cancer,2021,"Use circulating miRNAs as predictive biomarkers for chemotherapy response and prognosis in platinum-resistant ovarian cancer, although further validation is needed due to limited data and high cost.","EIF4A1, EIF5AL1, RBM41"
Role of Circulating Biomarkers in Platinum-Resistant Ovarian Cancer,2021,"Measure neutrophil-lymphocyte ratio (NLR) and platelet-lymphocyte ratio (PLR) as simple, cost-effective prognostic and predictive biomarkers for platinum resistance and survival outcomes in ovarian cancer patients.",PPIG
Role of Circulating Biomarkers in Platinum-Resistant Ovarian Cancer,2021,Investigate histone deacetylase inhibitors targeting enzymes such as SIRT1 to overcome drug resistance and aggressiveness in ovarian cancer cells as a novel therapeutic strategy.,"KDM3B, HIST2H2AC"
Role of Circulating Biomarkers in Platinum-Resistant Ovarian Cancer,2021,"Consider immune-related biomarkers including circulating T-cell and B-cell activation status, soluble PD-1 and PD-L1 levels, and myeloid-derived suppressor cells (MDSC4) to predict response to immunotherapy and chemotherapy in ovarian cancer patients.","SSB, WBP11P1"
106,2017,"Use CA125 as a standard biomarker for epithelial ovarian cancer (EOC) surveillance and prognosis prediction, with levels >35 U/mL suggestive of malignancy and levels >65 U/mL associated with lower 5-year survival.",ACPP
106,2017,Combine CA125 and HE4 measurements to improve sensitivity and specificity for early detection of ovarian cancer recurrence and monitoring response to treatment.,ACPP
106,2017,"Incorporate HE4 measurement in routine follow-up of epithelial ovarian cancer patients to detect recurrence earlier than CA125 alone, as HE4 can rise before CA125 in some cases.",ACPP
106,2017,"Consider osteopontin (OPN) as an adjunct biomarker alongside CA125 for earlier detection of ovarian cancer recurrence, pending further clinical validation.",POTEE
106,2017,"Use paraneoplastic antigen antibody panels (including HARS, Ro52, CDR2, 5H6) to predict ovarian cancer recurrence earlier than CA125 elevation or clinical relapse, especially when CA125 is below threshold.",NACA2
106,2017,"Investigate microRNA (miRNA) panels as prognostic biomarkers for ovarian cancer recurrence and chemotherapy resistance, with potential for future clinical screening tools.","RBM41, ZNF511, PPIG"
106,2017,"Target cancer stem cell (CSC) markers such as CD44, EpCAM, and ALDH1 for development of new therapeutic strategies and biomarkers to monitor ovarian cancer recurrence and chemoresistance.","CDKN2AIPNL, GPR123, PPIG"
Role of different non-coding RNAs as ovarian Cancer biomarkers,2010,"Employ specific long non-coding RNAs (lncRNAs) such as H19, HOTAIR, XIST, UCA1, MALAT-1, PVT1, GAS5, HOXD-AS1, and SPRY4-IT1 as biomarkers for diagnosis, prognosis, and therapeutic targeting in ovarian cancer.",POTEE
Role of different non-coding RNAs as ovarian Cancer biomarkers,2010,"Incorporate circulating miRNAs as non-invasive diagnostic and prognostic biomarkers for ovarian cancer, with emphasis on miRNAs such as miR-29b, miR-125b, miR-141, miR-200 family, miR-130a, and others that show differential expression in ovarian cancer tissues and serum.","EIF4A1, EIF5AL1, NACA2, RPL19P12, PPIG, RBM41, SSB"
109,2000,Use miRNA expression profiles in serum/plasma as non-invasive biomarkers for early diagnosis of ovarian cancer to improve prognosis.,"EIF4A1, EIF5AL1"
109,2000,"Develop and validate miRNA-based assays using molecular clustering analysis and bioinformatics to enable rapid, efficient, and cost-effective detection of ovarian cancer in early stages.","EIF4A1, EIF5AL1"
109,2000,"Target miRNAs therapeutically to modulate ovarian cancer progression and chemoresistance, including overexpression of tumor suppressor miRNAs or inhibition of oncogenic miRNAs.","EIF4A1, EIF5AL1"
"Sensitivity and specificity of microRNA-204, CA125, and CA19.9 as biomarkers for diagnosis of ovarian cancer",2022,Use microRNA-204 as a biomarker for early detection of ovarian cancer due to its high diagnostic performance with AUCs of 0.924 and 0.942 for early and late ovarian cancer respectively.,NACA2
"Sensitivity and specificity of microRNA-204, CA125, and CA19.9 as biomarkers for diagnosis of ovarian cancer",2022,"Combine microRNA-204, CA125, and CA19.9 for improved early detection of ovarian tumors and cancer, as this combination shows the highest diagnostic performance with AUCs of 0.938, 1.000, and 0.998 for benign, early-stage, and late-stage ovarian cancers respectively.",NACA2
06-1828 2385..2391,2007,"Use serum IL-7 levels in combination with CA-125 measurements to improve the accuracy of distinguishing malignant ovarian tumors from benign pelvic masses, achieving 69% accurate classification without false positives for benign tumors.",NACA2
06-1828 2385..2391,2007,"Monitor serum IL-7 levels as a prognostic marker in ovarian cancer patients, as elevated IL-7 is associated with shorter overall survival and progression-free survival, although it is not an independent prognostic marker when accounting for clinical parameters.",NACA2
"Serum Exosomes From Epithelial Ovarian Cancer Patients Contain LRP1, Which Promotes the Migration of Epithelial Ovarian Cancer Cell",2010,Target exosomal LRP1 to inhibit migration and metastasis of epithelial ovarian cancer cells by interfering with the p-ERK/MMP2/MMP9 signaling pathway.,LRRC37A3
"Serum Exosomes From Epithelial Ovarian Cancer Patients Contain LRP1, Which Promotes the Migration of Epithelial Ovarian Cancer Cell",2010,Consider experimental manipulation of LRP1 expression in EOC cells to study and potentially control tumor growth and metastasis in vivo.,LRRC37A3
The Role of CA‐125 in the Management of Ovarian Cancer: A Systematic Review,2024,"Monitor CA-125 levels continuously during ovarian cancer treatment and follow-up to assess treatment response, predict recurrence, and stratify patients into low-risk or high-risk categories for better clinical management.",ACPP
The Role of CA‐125 in the Management of Ovarian Cancer: A Systematic Review,2024,Use CA-125 in combination with other biomarkers such as HE4 and ROMA to improve diagnostic accuracy and sensitivity for ovarian cancer detection.,ACPP
The Role of CA‐125 in the Management of Ovarian Cancer: A Systematic Review,2024,"In patients undergoing chemotherapy, monitor the reduction in CA-125 levels, especially after the third or fourth cycle, to predict treatment response and risk of relapse, and adjust treatment plans accordingly.",ACPP
The Role of CA‐125 in the Management of Ovarian Cancer: A Systematic Review,2024,"For patients with elevated pre-treatment CA-125 levels (≥35 U/mL), classify them as high-risk for relapse or mortality and consider more aggressive monitoring and treatment strategies.",ACPP
The Role of CA‐125 in the Management of Ovarian Cancer: A Systematic Review,2024,Use serial CA-125 measurements post-treatment to detect early recurrence and initiate timely clinical evaluation and intervention to potentially improve survival and quality of life.,ACPP
"The Role of Interleukin 6 (IL6), Cancer Antigen—125 (CA-125), and Human Epididymis Protein 4 (HE4) to predict tumor resectability in the advanced epithelial ovarian cancer patients",2023,"Measure serum IL6 levels pre-operatively in patients with advanced epithelial ovarian cancer to predict tumor resectability, using a cut-off point of 128.53 pg/ml to guide clinical decision-making for optimal cytoreductive surgery.",EIF4A1
"The Role of Interleukin 6 (IL6), Cancer Antigen—125 (CA-125), and Human Epididymis Protein 4 (HE4) to predict tumor resectability in the advanced epithelial ovarian cancer patients",2023,"Use pre-operative CA-125 serum levels as a biomarker to predict tumor resectability in advanced epithelial ovarian cancer patients, with a cut-off point of 13249.50 U/ml to inform surgical planning and management.",EIF4A1
"The Role of Interleukin 6 (IL6), Cancer Antigen—125 (CA-125), and Human Epididymis Protein 4 (HE4) to predict tumor resectability in the advanced epithelial ovarian cancer patients",2023,"Evaluate HE4 serum levels pre-operatively as a highly sensitive and specific biomarker to predict tumor resectability in advanced epithelial ovarian cancer, using a cut-off point of 410.40 pmol/L to optimize surgical outcomes.",EIF4A1
The Value of Plasma-Based MicroRNAs as Diagnostic Biomarkers for Ovarian Cancer,2019,"Use plasma levels of miR-205-5p, miR-145-5p, miR-10a-5p, miR-346, and miR-328-3p as a noninvasive diagnostic biomarker panel for ovarian cancer.","NACA2, EIF4A1, EIF5AL1, RACGAP1P, PPIG"
The Value of Plasma-Based MicroRNAs as Diagnostic Biomarkers for Ovarian Cancer,2019,Monitor plasma miR-205-5p levels to reflect histological grade changes in ovarian cancer patients.,NACA2
The biological significance and clinical applications of exosomes in ovarian cancer,2016,"Use exosomal microRNA profiles, including miR-21, as biomarkers for early detection and monitoring of ovarian cancer progression and drug resistance.","EIF4A1, EIF5AL1, RPL19P12, PSMD14, PPIG, SSB, RBM41, PELP1"
The biological significance and clinical applications of exosomes in ovarian cancer,2016,"Target exosome production and secretion pathways, such as inhibiting ceramide synthesis with GW4869 or blocking Rab27a, to reduce exosome-mediated tumor progression and metastasis in ovarian cancer.","HSP90B3P, PSMD14, PPIG"
The biological significance and clinical applications of exosomes in ovarian cancer,2016,Develop exosome-based immunotherapies by utilizing tumor-derived exosomes as antigen-presenting entities to stimulate anti-tumor immune responses in ovarian cancer.,"PELP1, SSB"
The biological significance and clinical applications of exosomes in ovarian cancer,2016,"Employ exosome-facilitated drug delivery systems to improve solubility, stability, and targeting of chemotherapeutic agents, potentially reducing toxicity and enhancing efficacy in ovarian cancer treatment.","PELP1, SSB"
The biological significance and clinical applications of exosomes in ovarian cancer,2016,"Monitor exosomal proteins such as CD24, EpCAM, and others as prognostic markers to guide treatment planning and predict tumor progression in ovarian cancer patients.","PELP1, SSB"
Sensitive and Cost‐Effective Tools in the Detection of Ovarian Cancer Biomarkers,2024,"Develop and implement biosensor-based assays for early detection and monitoring of ovarian cancer using biomarkers such as CA125, HE4, and apolipoprotein A1 to improve diagnostic accuracy and patient outcomes.",POTEE
Sensitive and Cost‐Effective Tools in the Detection of Ovarian Cancer Biomarkers,2024,Utilize advanced nanoparticle-enhanced immunosensors and aptasensors for sensitive and specific detection of CA125 and HE4 biomarkers in clinical serum samples to enable early diagnosis and personalized treatment planning.,POTEE
Sensitive and Cost‐Effective Tools in the Detection of Ovarian Cancer Biomarkers,2024,Incorporate biosensor technologies capable of detecting small extracellular vesicles (sEVs) carrying biomolecules for improved ovarian cancer diagnosis and monitoring.,POTEE
The paradigm shift in advanced ovarian cancer: Outcomes of extensive primary cytoreductive surgery. A single-center retrospective analysis,2010,"Implement extensive primary debulking surgery (PDS) with maximal surgical effort including upper abdominal procedures and systematic removal of the peritoneum to achieve complete cytoreduction (residual disease = 0) in patients with advanced high-grade ovarian carcinoma (HGOC), as it significantly improves overall survival without increasing surgical morbidity.",ACPP
The paradigm shift in advanced ovarian cancer: Outcomes of extensive primary cytoreductive surgery. A single-center retrospective analysis,2010,"Use first-line and second-line maintenance therapies, including Bevacizumab and PARP inhibitors, in patients with advanced HGOC after cytoreductive surgery to improve progression-free survival (PFS) and overall survival (OS).",ACPP
Trace Amine-Associated Receptor 1 (TAAR1) Is a Positive Prognosticator for Epithelial Ovarian Cancer,1990,"Use TAAR1 expression as a prognostic biomarker in epithelial ovarian cancer patients, where high TAAR1 expression correlates with better overall survival and is significantly higher in low-grade serous carcinoma.",TTF1
Trace Amine-Associated Receptor 1 (TAAR1) Is a Positive Prognosticator for Epithelial Ovarian Cancer,1990,"Consider TAAR1 as a potential novel therapeutic target in ovarian cancer patients to improve overall survival, pending further studies to establish its exact role in ovarian cancer cells.",TTF1
Trace Amine-Associated Receptor 1 (TAAR1) Is a Positive Prognosticator for Epithelial Ovarian Cancer,1990,"Monitor TAAR1 expression levels in ovarian cancer tissue to stratify patients by prognosis, as high membrane and/or cytoplasmic TAAR1 expression is associated with longer overall survival.",TTF1
Trace Amine-Associated Receptor 1 (TAAR1) Is a Positive Prognosticator for Epithelial Ovarian Cancer,1990,"Investigate the interaction between TAAR1 and estrogen receptor alpha (ER-α) and progesterone receptors (PR-A and PR-B) in ovarian cancer, as TAAR1 expression correlates positively with these hormone receptors, which may influence tumor progression and patient prognosis.",TTF1
Trace Amine-Associated Receptor 1 (TAAR1) Is a Positive Prognosticator for Epithelial Ovarian Cancer,1990,"Further research is recommended to elucidate the role of TAAR1 in ovarian cancer progression and its potential interaction with dopamine receptor D2 (D2R), given the known interactions in other cell types and the implications for tumorigenesis.",TTF1
Diagnostic biomarkers in ovarian cancer: advances beyond CA125 and HE4,2024,"Use CA125 and HE4 in combination as serum biomarkers in a multivariate index assay (e.g., ROMA) to improve specificity and sensitivity for early detection and diagnosis of epithelial ovarian cancer.",NACA2
Diagnostic biomarkers in ovarian cancer: advances beyond CA125 and HE4,2024,"Employ multivariate index assays such as OVA1, ROMA, and Overa that combine CA125, HE4, and other serum biomarkers to stratify risk and guide clinical decision-making for women presenting with pelvic masses.",NACA2
Diagnostic biomarkers in ovarian cancer: advances beyond CA125 and HE4,2024,Incorporate VEGF measurement as an angiogenesis-related biomarker alongside CA125 and HE4 to improve early detection accuracy of ovarian cancer.,MTX1
Diagnostic biomarkers in ovarian cancer: advances beyond CA125 and HE4,2024,"Use Osteopontin (OPN) as an additional serum biomarker in combination with CA125 and HE4 to improve diagnostic accuracy and potentially guide treatment decisions, especially in aggressive disease cohorts.",MTX1
Diagnostic biomarkers in ovarian cancer: advances beyond CA125 and HE4,2024,"Measure Mesothelin (MSLN) levels in plasma, peritoneal fluid, and tumor tissue as a diagnostic biomarker to improve detection and prognostication of epithelial ovarian cancer, especially in advanced stages.",MTX1
Diagnostic biomarkers in ovarian cancer: advances beyond CA125 and HE4,2024,"Evaluate Interleukin-6 (IL-6) levels in serum and ascitic fluid in combination with CA125, HE4, ROMA, and RMI to enhance sensitivity, specificity, and diagnostic accuracy for ovarian cancer, particularly in advanced disease.",MTX1
Diagnostic biomarkers in ovarian cancer: advances beyond CA125 and HE4,2024,"Develop and validate microRNA (miRNA) signatures, including miR-141 and miR-200a, as non-invasive biomarkers for early detection and treatment response prediction in epithelial ovarian cancer.",NACA2
Diagnostic biomarkers in ovarian cancer: advances beyond CA125 and HE4,2024,"Utilize circulating tumor cells (CTCs) detection and molecular profiling with markers such as EpCAM, MUC16, and ERCC1 to assess minimal residual disease, predict platinum resistance, and tailor treatment strategies in ovarian cancer patients.","NACA2, PPIG"
14,2010,Use apolipoprotein A1 serum levels in combination with CA125 levels at defined thresholds (CA125 > 21 U/ml and apolipoprotein A1 ≤ 139.1 mg/dl) to improve sensitivity and specificity of ovarian cancer detection.,NACA2
14,2010,Combine transferrin serum levels with CA125 levels (CA125 > 21 U/ml and transferrin ≤ 2.3 g/l) to increase test specificity up to 96.7% for ovarian cancer diagnostics.,NACA2
14,2010,"Avoid using combined biomarker tests consisting of apolipoprotein A1, transferrin, and CA125 simultaneously due to high specificity but unacceptable sensitivity.",NACA2
Usefulness of Amino Acid Profiling in Ovarian Cancer Screening with Special Emphasis on Their Role in Cancerogenesis,2016,"Use serum-free amino acid profiling, specifically measuring histidine and citrulline levels, as potential biomarkers for ovarian cancer (OC) screening to improve early detection.",HIST2H2AC
Usefulness of Amino Acid Profiling in Ovarian Cancer Screening with Special Emphasis on Their Role in Cancerogenesis,2016,"Develop multi-marker diagnostic models incorporating histidine, citrulline, alanine, asparagine, and ornithine amino acid levels to enhance sensitivity and specificity in distinguishing OC patients from benign ovarian tumor (BOT) and healthy controls.",HIST2H2AC
Usefulness of Amino Acid Profiling in Ovarian Cancer Screening with Special Emphasis on Their Role in Cancerogenesis,2016,Monitor alterations in amino acid metabolism pathways involving histidine and citrulline to understand tumor growth mechanisms and potentially target metabolic dysregulation in OC treatment strategies.,HIST2H2AC
Evaluation of Combined Cancer Markers With Lactate Dehydrogenase and Application of Machine Learning Algorithms for Differentiating Benign Disease From Malignant Ovarian Cancer,2021,Use the combination of ROMA (which includes CA125 and HE4) with lactate dehydrogenase (LD) classified by random forest machine learning algorithm as a diagnostic tool to improve differentiation of early stage ovarian cancer from benign ovarian conditions.,ACPP
Evaluation of Combined Cancer Markers With Lactate Dehydrogenase and Application of Machine Learning Algorithms for Differentiating Benign Disease From Malignant Ovarian Cancer,2021,"In postmenopausal women, combine HE4, CA125, and LD markers to enhance diagnostic accuracy for ovarian cancer.",ACPP
Evaluation of Combined Cancer Markers With Lactate Dehydrogenase and Application of Machine Learning Algorithms for Differentiating Benign Disease From Malignant Ovarian Cancer,2021,"In clinical settings, consider routinely measuring lactate dehydrogenase (LD) alongside ovarian cancer-specific markers (ROMA, HE4, CA125) to improve early detection and management of ovarian cancer.",ACPP
djp438.indd,2009,"Use serum concentrations of CA125, HE4, and mesothelin as biomarkers to provide evidence of ovarian cancer up to 3 years before clinical diagnosis, with the understanding that the lead time for detection is likely less than 1 year.",ACPP
djp438.indd,2009,"Incorporate CA125, HE4, and mesothelin levels into risk prediction models for ovarian cancer, as these markers are associated with statistically significant increased risk and improve predictive accuracy compared to other markers.",ACPP
djp438.indd,2009,"Do not rely on B7-H4, DcR3, and spondin-2 as early detection biomarkers for ovarian cancer, as their levels do not rise appreciably before diagnosis and they do not improve risk prediction when combined with CA125, HE4, and mesothelin.",ACPP
djp438.indd,2009,"Use composite markers combining CA125, HE4, and mesothelin to marginally improve early detection performance, but recognize that adding B7-H4, DcR3, and spondin-2 does not provide additional benefit.",ACPP
"Assessment of galectins -1, -3, -4, -8, and -9 expression in ovarian carcinoma patients with clinical implications",2010,"Consider galectins -1, -3, -4, -8, and -9 as promising biomarkers for targeted therapy in ovarian carcinoma to reduce disease progression and metastasis.","NACA2, EIF4A1, HSP90B3P, TUBBP6, FXR2, EIF5AL1, NPIP, RACGAP1P, DYNC1I2, KDM3B, EEA1, POTEE, KIAA1751, TTF1, GBAP1, MTX1, ACPP, RPL19P12, PSMD14, PPIG, C17orf74, CCDC112, BBS5, LEMD2, SMURF1, SPDYE3, PCDP1, CAPN5, HIST2H2AC, NUP214, GPN3, SS18, WDR60, C18orf21, DVL2, RNASEK, TEX11, LRRC37A3, CDKN2AIPNL, LSMD1, WBP11P1, ICT1, TOR1B, EPHB2, PHKA2, CLK2P, CLPP, CYB5D1, MED31, ITPR2, ATP5L2, CRYBG3, MPDU1, UBR3, ORC2L, LARS2, GTF2F1, ZNF511, SSB, RBM41, GPR123, CHCHD3, GLRX3, PELP1, C17orf81"
"Assessment of galectins -1, -3, -4, -8, and -9 expression in ovarian carcinoma patients with clinical implications",2010,"Use galectin-9 expression as a predictive biomarker for lymph node metastasis in ovarian carcinoma patients, with fair specificity (89%) and moderate sensitivity (43%).","NACA2, EIF4A1, HSP90B3P, TUBBP6, FXR2, EIF5AL1, NPIP, RACGAP1P, DYNC1I2, KDM3B, EEA1, POTEE, KIAA1751, TTF1, GBAP1, MTX1, ACPP, RPL19P12, PSMD14, PPIG, C17orf74, CCDC112, BBS5, LEMD2, SMURF1, SPDYE3, PCDP1, CAPN5, HIST2H2AC, NUP214, GPN3, SS18, WDR60, C18orf21, DVL2, RNASEK, TEX11, LRRC37A3, CDKN2AIPNL, LSMD1, WBP11P1, ICT1, TOR1B, EPHB2, PHKA2, CLK2P, CLPP, CYB5D1, MED31, ITPR2, ATP5L2, CRYBG3, MPDU1, UBR3, ORC2L, LARS2, GTF2F1, ZNF511, SSB, RBM41, GPR123, CHCHD3, GLRX3, PELP1, C17orf81"
"Assessment of galectins -1, -3, -4, -8, and -9 expression in ovarian carcinoma patients with clinical implications",2010,Consider galectin-4 expression as a biomarker correlated with CA19.9 levels for diagnosis or prognosis in ovarian carcinoma.,"NACA2, EIF4A1, HSP90B3P, TUBBP6, FXR2, EIF5AL1, NPIP, RACGAP1P, DYNC1I2, KDM3B, EEA1, POTEE, KIAA1751, TTF1, GBAP1, MTX1, ACPP, RPL19P12, PSMD14, PPIG, C17orf74, CCDC112, BBS5, LEMD2, SMURF1, SPDYE3, PCDP1, CAPN5, HIST2H2AC, NUP214, GPN3, SS18, WDR60, C18orf21, DVL2, RNASEK, TEX11, LRRC37A3, CDKN2AIPNL, LSMD1, WBP11P1, ICT1, TOR1B, EPHB2, PHKA2, CLK2P, CLPP, CYB5D1, MED31, ITPR2, ATP5L2, CRYBG3, MPDU1, UBR3, ORC2L, LARS2, GTF2F1, ZNF511, SSB, RBM41, GPR123, CHCHD3, GLRX3, PELP1, C17orf81"
Aurora Kinase A expression predicts platinum-resistance and adverse outcome in high-grade serous ovarian carcinoma patients,2000,Use AURKA expression levels as a predictive biomarker to stratify high-grade serous ovarian carcinoma (HGSOC) patients into platinum-sensitive and platinum-resistant groups to guide chemotherapy decisions and avoid unnecessary side effects.,TTF1
Aurora Kinase A expression predicts platinum-resistance and adverse outcome in high-grade serous ovarian carcinoma patients,2000,"Consider targeting AURKA as a therapeutic strategy in epithelial ovarian cancer (EOC) treatment, especially for patients with platinum-resistant disease.",TTF1
Aurora Kinase A expression predicts platinum-resistance and adverse outcome in high-grade serous ovarian carcinoma patients,2000,"For patients with intermediate AURKA expression scores (3–6), perform further molecular analyses such as FISH to better characterize AURKA expression and refine treatment decisions.",TTF1
2,2024,Combine CA-125 biomarker testing with transvaginal ultrasound every 6 to 12 months for women at very high risk of ovarian cancer to improve early detection.,ACPP
2,2024,Consider HE4 biomarker testing in combination with CA-125 for more accurate ovarian cancer detection and differential diagnosis between benign and malignant pelvic masses.,MTX1
2,2024,"Investigate osteopontin (OPN) as a potential biomarker and therapeutic target due to its role in tumor progression, immune modulation, and angiogenesis in ovarian cancer.",POTEE
Microvesicles as Potential Ovarian Cancer Biomarkers,2013,"Use microvesicles (MVs) derived from ovarian cancer cells as noninvasive biomarkers for early diagnosis, prognosis, and monitoring of ovarian cancer progression and therapeutic response.","PPIG, HSP90B3P, EIF4A1, EIF5AL1, RPL19P12, PSMD14, NUP214, GPN3, SS18, WDR60, DVL2, RNASEK, TEX11, CDKN2AIPNL, ICT1, TOR1B, EPHB2, PHKA2, CLK2P, CLPP, CYB5D1, MED31, ITPR2, ATP5L2, MPDU1, UBR3, ORC2L, LARS2, GTF2F1, ZNF511, SSB, RBM41, GPR123, CHCHD3, GLRX3, PELP1"
Microvesicles as Potential Ovarian Cancer Biomarkers,2013,Develop and implement sensitive and specific methods to isolate and quantify tumor-derived microvesicles from blood and other biological fluids to improve ovarian cancer diagnosis and prognosis.,"PPIG, HSP90B3P, EIF4A1, EIF5AL1, RPL19P12, PSMD14, NUP214, GPN3, SS18, WDR60, DVL2, RNASEK, TEX11, CDKN2AIPNL, ICT1, TOR1B, EPHB2, PHKA2, CLK2P, CLPP, CYB5D1, MED31, ITPR2, ATP5L2, MPDU1, UBR3, ORC2L, LARS2, GTF2F1, ZNF511, SSB, RBM41, GPR123, CHCHD3, GLRX3, PELP1"
Microvesicles as Potential Ovarian Cancer Biomarkers,2013,Utilize microvesicle-associated microRNA (miRNA) signatures as novel serum diagnostic biomarkers for ovarian cancer to complement or improve upon CA125 testing.,"PPIG, HSP90B3P, EIF4A1, EIF5AL1, RPL19P12, PSMD14, NUP214, GPN3, SS18, WDR60, DVL2, RNASEK, TEX11, CDKN2AIPNL, ICT1, TOR1B, EPHB2, PHKA2, CLK2P, CLPP, CYB5D1, MED31, ITPR2, ATP5L2, MPDU1, UBR3, ORC2L, LARS2, GTF2F1, ZNF511, SSB, RBM41, GPR123, CHCHD3, GLRX3, PELP1"
Microvesicles as Potential Ovarian Cancer Biomarkers,2013,"Consider targeting pathways involved in microvesicle shedding and cargo (e.g., proteases like uPA, MMPs, and caspase 3) to potentially inhibit tumor progression, invasion, and drug resistance in ovarian cancer.","PPIG, HSP90B3P, EIF4A1, EIF5AL1, RPL19P12, PSMD14, NUP214, GPN3, SS18, WDR60, DVL2, RNASEK, TEX11, CDKN2AIPNL, ICT1, TOR1B, EPHB2, PHKA2, CLK2P, CLPP, CYB5D1, MED31, ITPR2, ATP5L2, MPDU1, UBR3, ORC2L, LARS2, GTF2F1, ZNF511, SSB, RBM41, GPR123, CHCHD3, GLRX3, PELP1"
"Biological markers of prognosis, response to therapy and outcome in ovarian carcinoma",2016,Target mesothelin for antibody-based therapy or chimeric antigen receptor (CAR) T cell adoptive therapy in ovarian carcinoma patients with high mesothelin expression.,POTEE
"Biological markers of prognosis, response to therapy and outcome in ovarian carcinoma",2016,Use serum mesothelin levels as a diagnostic biomarker with higher specificity than CA125 for early-stage ovarian carcinoma.,POTEE
"Biological markers of prognosis, response to therapy and outcome in ovarian carcinoma",2016,"Use circulating soluble epidermal growth factor receptor (sEGFR) levels in combination with CA125 to improve risk assessment, early detection, and diagnosis of ovarian carcinoma.",EPHB2
"Biological markers of prognosis, response to therapy and outcome in ovarian carcinoma",2016,Use macrophage colony-stimulating factor (M-CSF) serum levels alone or combined with HE4 or CA125 as a screening assay for ovarian carcinoma due to its high sensitivity and specificity.,PHKA2
"Biological markers of prognosis, response to therapy and outcome in ovarian carcinoma",2016,"Use serum soluble folate receptor alpha (sFRA) levels as a diagnostic biomarker for ovarian carcinoma with greater accuracy than CA125, and as a prognostic marker associated with shorter progression-free survival.",MTX1
"Biological markers of prognosis, response to therapy and outcome in ovarian carcinoma",2016,Use methylation status of BRCA1 promoter as a biomarker for prognosis and platinum sensitivity in ovarian carcinoma patients.,KDM3B
"Biological markers of prognosis, response to therapy and outcome in ovarian carcinoma",2016,Use BRCA1 and BRCA2 germline mutation status and homologous recombination repair deficiency as biomarkers to select ovarian carcinoma patients for PARP inhibitor therapy.,KDM3B
"Biological markers of prognosis, response to therapy and outcome in ovarian carcinoma",2016,Consider BRCA mutation status and tumor-infiltrating lymphocyte frequency as biomarkers to select ovarian carcinoma patients likely to respond to PD-1/PD-L1 immune checkpoint inhibitors.,KDM3B
Biomarker-based early detection of epithelial ovarian cancer based on a five-protein signature in patient’s plasma – a prospective trial,2000,"Use a combined plasma protein panel including CA125, OPN, HE4, leptin, and prolactin to preoperatively differentiate between benign and malignant ovarian masses, improving diagnostic accuracy over single markers.",ACPP
Biomarkers and Strategies for Early Detection of Ovarian Cancer,2025,Use CA125 in combination with other biomarkers such as HE4 to improve sensitivity and specificity for early detection of ovarian cancer and to triage patients for specialized surgery.,ACPP
Biomarkers and Strategies for Early Detection of Ovarian Cancer,2025,"Develop and use methylation-specific PCR panels targeting genes such as APC, RASSF1A, and OPCML for circulating tumor DNA (ctDNA) detection to improve early-stage ovarian cancer diagnosis.",ACPP
Biomarkers and Strategies for Early Detection of Ovarian Cancer,2025,Apply the Risk of Ovarian Cancer Algorithm (ROCA) using serial CA125 measurements to individualize screening and improve early detection sensitivity.,ACPP
"Biomarkers and algorithms for diagnosis of ovarian cancer: CA125, HE4, RMI and ROMA, a review",2000,"Use combined measurement of CA125 and HE4 serum levels to improve diagnostic accuracy for ovarian cancer, as this combination shows higher specificity and sensitivity than either marker alone.",ACPP
"Biomarkers and algorithms for diagnosis of ovarian cancer: CA125, HE4, RMI and ROMA, a review",2000,"Interpret HE4 levels with caution in smokers and patients using estrogen plus progestin contraceptives, as these factors can alter HE4 serum levels and potentially lead to false positives or negatives.",ACPP
"Biomarkers and algorithms for diagnosis of ovarian cancer: CA125, HE4, RMI and ROMA, a review",2000,"In cases of suspected benign ovarian tumors, measure both CA125 and HE4; an increase in both markers suggests malignancy and the need to consider surgical treatment.",ACPP
"Biomarkers and algorithms for diagnosis of ovarian cancer: CA125, HE4, RMI and ROMA, a review",2000,Use Risk of Malignancy Index (RMI) and Risk of Ovarian Malignancy Algorithm (ROMA) incorporating CA125 and HE4 levels along with clinical parameters to stratify patients' risk and guide clinical decision-making.,ACPP
CBF-30228-ovarian-cancer-biomarkers-as-diagnostic-triage-tests,2012,"Use CA125 serum marker for monitoring recurrence of ovarian cancer and for diagnostic evaluation of known adnexal masses, but not for general population screening due to low sensitivity and specificity.",ACPP
CBF-30228-ovarian-cancer-biomarkers-as-diagnostic-triage-tests,2012,"Apply the Risk of Malignancy Index (RMI), which incorporates CA125, ultrasound findings, and menopausal status, as a cost-effective and reliable preoperative predictor to triage adnexal masses for referral to gynecologic oncologists.",ACPP
CBF-30228-ovarian-cancer-biomarkers-as-diagnostic-triage-tests,2012,"Use Human Epididymis Protein 4 (HE4) as a biomarker for monitoring recurrence or progression of epithelial ovarian cancer and as part of diagnostic algorithms, especially to improve detection in premenopausal women and early-stage disease.",FXR2
CBF-30228-ovarian-cancer-biomarkers-as-diagnostic-triage-tests,2012,"Employ the Risk of Ovarian Malignancy Algorithm (ROMA), which combines CA125, HE4, and menopausal status, to improve preoperative risk stratification and referral decisions, particularly in postmenopausal women.","ACPP, FXR2"
CBF-30228-ovarian-cancer-biomarkers-as-diagnostic-triage-tests,2012,"Use OVA-1, a multi-biomarker algorithm including CA125 and additional markers, as a triage tool for women with adnexal masses to improve sensitivity of malignancy detection and appropriate referral to gynecologic oncologists, especially when clinical assessment is equivocal.",ACPP
28,2017,Investigate the PI3K/Akt and MAPK (ERK) pathways as downstream effectors of CD24-mediated EMT and tumor progression for potential combinational targeting.,"EIF4A1, EIF5AL1"
A comprehensive overview of exosomes in ovarian cancer: emerging biomarkers and therapeutic strategies,2000,Use TUBB3 (tubulin beta-3 chain) as a potential biomarker for ovarian cancer diagnosis and prognosis.,TUBBP6
A comprehensive overview of exosomes in ovarian cancer: emerging biomarkers and therapeutic strategies,2000,"Monitor exosomal protein levels, including TGF-β1 and MAGE3/6, as biomarkers to distinguish ovarian cancer patients from those with benign tumors and to assess chemotherapy efficacy.",MTX1
A comprehensive overview of exosomes in ovarian cancer: emerging biomarkers and therapeutic strategies,2000,Target annexin A3 to overcome platinum resistance in ovarian cancer by modulating exosome release and exocytosis.,ACPP
A comprehensive overview of exosomes in ovarian cancer: emerging biomarkers and therapeutic strategies,2000,Develop therapeutic strategies to inhibit exosomal ADAM15 ectodomain to block integrin-mediated MEK/ERK signaling pathway and inhibit ovarian cancer progression.,CAPN5
A comprehensive overview of exosomes in ovarian cancer: emerging biomarkers and therapeutic strategies,2000,"Utilize exosome-derived miRNAs such as miR-21, miR-103, miR-141, miR-203, miR-205, miR-214, miR-373, and miR-200a-c as prognostic biomarkers for ovarian cancer progression and poor prognosis.",PPIG
A comprehensive overview of exosomes in ovarian cancer: emerging biomarkers and therapeutic strategies,2000,Employ exosome-based delivery of miR-7 to inhibit ovarian cancer metastasis by downregulating EGFR/AKT/ERK1/2 signaling pathways.,EPHB2
30,2022,"Target CXCR4 to suppress epithelial ovarian cancer (EOC) progression and enhance chemotherapy sensitivity, specifically in combination with paclitaxel (PTX) treatment.",NACA2
30,2022,Use CXCR4 expression levels as a biomarker to predict prognosis and chemotherapy resistance in EOC patients.,NACA2
30,2022,"Employ PI3K/Akt/mTOR pathway inhibitors (e.g., MK2206) to block CXCR4-mediated EMT, cancer stem cell stemness, invasion, and tumorigenesis in ovarian cancer cells.",NACA2
30,2022,Implement CXCR4 knockdown strategies to synergistically sensitize ovarian cancer cells to paclitaxel chemotherapy both in vitro and in vivo.,NACA2
Complementary Longitudinal Serum Biomarkers to CA125 for Early Detection of Ovarian Cancer,1940,"Utilize HE4 and CA72-4 as complementary longitudinal serum biomarkers alongside CA125 to improve early detection sensitivity of ovarian cancer, especially for cases missed by CA125 alone.",ACPP
Complementary Longitudinal Serum Biomarkers to CA125 for Early Detection of Ovarian Cancer,1940,Exclude MMP-7 from future biomarker panels for early ovarian cancer detection due to minimal utility in identifying CA125-negative cases.,CLPP
Complementary Longitudinal Serum Biomarkers to CA125 for Early Detection of Ovarian Cancer,1940,"Implement multiplexed bead-based immunoassays for simultaneous measurement of CA125, HE4, MMP-7, and CA72-4 in ultra-low serum volumes to enable longitudinal biomarker monitoring.","ACPP, CLPP"
pone.0029533 1..10,2011,"Use HE4 and CA-125 as serum biomarkers for monitoring and detection of epithelial ovarian cancer, with HE4 showing slightly better performance than CA-125.",ACPP
pone.0029533 1..10,2011,"Develop and implement multivariate biomarker panels combining the nine most informative biomarkers (including HE4, CA-125, IL-2 receptor alpha, a1-antitrypsin, C-reactive protein, YKL-40, cellular fibronectin, CA-72-4, and prostasin) to improve sensitivity and specificity for ovarian cancer detection over existing panels such as OVA1.",ACPP
pone.0029533 1..10,2011,"Consider menopausal status when interpreting biomarker panel results, as biomarker performance (e.g., HE4, CA-125, IL-2 receptor alpha) is better in post-menopausal women compared to pre-menopausal women.",ACPP
40,2024,"Use the CA-125 elimination rate constant K (KELIM) as a pragmatic biomarker to assess tumor chemosensitivity in advanced epithelial ovarian cancer patients undergoing neoadjuvant chemotherapy (NACT). Calculate KELIM using at least 3 CA-125 measurements during the first 100 days of chemotherapy to predict likelihood of complete interval debulking surgery (IDS), progression-free survival (PFS), and overall survival (OS).",ACPP
40,2024,"Integrate KELIM score with completeness of interval debulking surgery (IDS) to stratify patients into three prognostic groups (good, intermediate, poor) for personalized clinical decision-making and treatment planning.",ACPP
40,2024,"Consider KELIM as a complementary tool to BRCA mutational status for predicting chemosensitivity and potentially guiding the use of PARP inhibitors, especially in patients with BRCA2 mutations.",ACPP
40,2024,"For patients with unfavorable KELIM scores and incomplete IDS (poor prognosis group), consider innovative treatment approaches to increase chemosensitivity, such as chemotherapy dosage adjustment (fractionated dose-dense chemotherapy), addition of bevacizumab, or cell cycle checkpoint inhibitors.",ACPP
Detection of the Ovarian Cancer Biomarker Lysophosphatidic Acid in Serum,2017,"Develop and implement a biosensor assay based on the actin–gelsolin protein complex to detect lysophosphatidic acid (LPA) in serum for early-stage ovarian cancer screening, with a detection limit of approximately 5 µM LPA.",POTEE
Detection of the Ovarian Cancer Biomarker Lysophosphatidic Acid in Serum,2017,Use gelsolin domains 1–3 (gelsolin1–3) as a probe protein in the biosensor assay to improve surface binding and signal strength compared to full-length gelsolin.,POTEE
Detection of the Ovarian Cancer Biomarker Lysophosphatidic Acid in Serum,2017,"Optimize the biosensor surface preparation by using silica gel with a pore size of 150 Å, a 1:2 ratio of MEG-Cl linker to spacer, and a plasma cleaning time of at least 10 minutes to reduce non-specific adsorption and improve assay reproducibility.",POTEE
Detection of the Ovarian Cancer Biomarker Lysophosphatidic Acid in Serum,2017,Employ fluorescence spectroscopy measurement of rhodamine-dyed actin release from the actin–gelsolin complex as a quantitative readout for LPA concentration in serum samples.,POTEE
46,2012,Use serum human epididymis protein 4 (HE4) as a diagnostic biomarker to differentiate ovarian cancer from benign gynecologic diseases due to its higher sensitivity and better overall diagnostic accuracy compared to soluble mesothelin-related protein (SMRP).,NACA2
46,2012,Combine HE4 with CA-125 serum tumor markers to improve sensitivity and specificity for ovarian cancer diagnosis compared to using either marker alone.,NACA2
46,2012,"Consider combining HE4 and SMRP markers to further increase diagnostic accuracy for ovarian cancer, as this combination showed the highest diagnostic odds ratio among tested combinations.",NACA2
46,2012,Use serum SMRP with caution as a diagnostic marker for ovarian cancer due to its limited sensitivity despite high specificity; it may be more suitable for confirming diagnosis rather than screening.,NACA2
47,2024,"Use urine HE4 concentration and HE4/creatinine (HE4/CRE) ratio as non-invasive tumor markers for differential diagnosis of ovarian cancer, distinguishing cancer from healthy individuals or benign conditions.",NACA2
47,2024,Implement urine HE4/CRE ratio measurement for early detection of chemotherapy resistance in ovarian cancer patients to guide therapy adjustments.,NACA2
47,2024,Use serial measurements of urine HE4/CRE ratio in follow-up of ovarian cancer patients to detect disease recurrence earlier than serum markers or clinical signs.,NACA2
47,2024,"Standardize preanalytical procedures for urine collection, processing, and HE4 measurement, including reporting HE4 normalized to creatinine, to improve diagnostic accuracy and reproducibility.",NACA2
47,2024,"Consider urine HE4 testing as a non-invasive alternative to serum HE4 for ovarian cancer diagnosis and monitoring, especially in early-stage disease and in patients where blood sampling is difficult.",NACA2
Discovery of a biomarker candidate for surgical stratification in high-grade serous ovarian cancer,2021,"Investigate therapeutic targeting of oxidative phosphorylation (OXPHOS) pathways in ALG5-high HGSOC tumors, as ALG5 expression correlates strongly with OXPHOS gene signatures, suggesting a distinct metabolic phenotype that may be susceptible to OXPHOS inhibitors.",ATP5L2
53,2016,"Use a panel combining CA-125 and HE4 biomarkers, calculated via the Risk of Ovarian Malignancy Algorithm (ROMA), to improve differentiation between benign and malignant ovarian tumors, especially in preoperative assessment of adnexal masses.",ACPP
53,2016,"Adjust cut-off values for CA-125, HE4, and RMI to improve specificity in ovarian cancer diagnosis: increase CA-125 cut-off to ≥60 U/mL, RMI to ≥250, and HE4 to 140 pmol/L in postmenopausal women to reduce false positives while maintaining acceptable sensitivity.",ACPP
53,2016,"Prefer HE4 and ROMA markers over CA-125 and RMI for distinguishing benign ovarian tumors or endometriosis from ovarian cancer, particularly in premenopausal women, due to their higher specificity and lower false positive rates in benign gynecological conditions.",ACPP
53,2016,"In clinical settings where pelvic ultrasonography is performed by less experienced sonographers, incorporate HE4 measurement to improve diagnostic accuracy and triage of women presenting with adnexal lesions.",ACPP
Exosomal miR-1290 is a potential biomarker of high-grade serous ovarian carcinoma and can discriminate patients from those with malignancies of other histological types,2000,Use serum miR-1290 as a diagnostic biomarker to discriminate high-grade serous ovarian carcinoma (HGSOC) patients from healthy controls and from patients with other histological types of ovarian malignancies.,NACA2
Exosomal miR-1290 is a potential biomarker of high-grade serous ovarian carcinoma and can discriminate patients from those with malignancies of other histological types,2000,Monitor serum miR-1290 levels before and after primary debulking surgery (PDS) to reflect tumor burden in HGSOC patients.,NACA2
Exosomal miR-1290 is a potential biomarker of high-grade serous ovarian carcinoma and can discriminate patients from those with malignancies of other histological types,2000,Combine serum miR-1290 measurement with CA125 to improve diagnostic accuracy for distinguishing HGSOC from other epithelial ovarian cancers.,NACA2
Exploring alternative ovarian cancer biomarkers using innovative nanotechnology strategies,2016,Use the ATC chip to isolate and molecularly profile ascites tumor cells (ATCs) from ovarian cancer patients to monitor treatment response and tumor progression through serial sampling of ascites fluid.,"DVL2, EPHB2"
Exploring alternative ovarian cancer biomarkers using innovative nanotechnology strategies,2016,"Apply the quad-marker panel (MUC-1, EGFR, HER2, EpCAM) with μNMR technology for rapid, sensitive, and multiplexed detection of circulating tumor cells (CTCs) in ovarian cancer patients to improve diagnosis and monitor disease progression.","EPHB2, DVL2"
Exploring alternative ovarian cancer biomarkers using innovative nanotechnology strategies,2016,"Utilize μNMR and micro-Hall detector (μHD) technologies with magnetic nanoparticle labeling and BOND chemistry to detect and profile CTCs, including those undergoing epithelial-to-mesenchymal transition (EMT), for minimally invasive monitoring of ovarian cancer progression and treatment response.","EPHB2, DVL2"
Exploring alternative ovarian cancer biomarkers using innovative nanotechnology strategies,2016,"Employ the nPLEX nano-plasmonic exosome detection platform to sensitively and rapidly detect and molecularly profile ovarian cancer-derived exosomes in patient ascites and blood samples, using markers such as EpCAM and CD24, to diagnose cancer and monitor treatment response.","EPHB2, DVL2"
"Extracellular vesicles in ovarian cancer chemoresistance, metastasis, and immune evasion",2000,"Use EV miRNAs, including miR-214-3p and miR-891-5p, as biomarkers to monitor ovarian cancer chemoresistance and predict therapeutic response.","EIF4A1, EIF5AL1, KDM3B, PPIG, EPHB2, CLPP, ITPR2, GTF2F1, ZNF511, SSB, RBM41, PELP1"
"Extracellular vesicles in ovarian cancer chemoresistance, metastasis, and immune evasion",2000,Target EV-mediated transfer of drug resistance factors such as miR-21 and miR-223 to overcome chemoresistance in ovarian cancer cells.,"EIF4A1, EIF5AL1, KDM3B, PPIG, EPHB2, CLPP, ITPR2, GTF2F1, ZNF511, SSB, RBM41, PELP1"
"Extracellular vesicles in ovarian cancer chemoresistance, metastasis, and immune evasion",2000,"Pharmacologically inhibit EV generation (e.g., using GW4869) to reverse chemoresistance in ovarian cancer cells.","EIF4A1, EIF5AL1, KDM3B, PPIG, EPHB2, CLPP, ITPR2, GTF2F1, ZNF511, SSB, RBM41, PELP1"
"Extracellular vesicles in ovarian cancer chemoresistance, metastasis, and immune evasion",2000,Develop EV-based drug delivery systems to improve therapeutic efficacy and reduce side effects in ovarian cancer treatment.,"EIF4A1, EIF5AL1, KDM3B, PPIG, EPHB2, CLPP, ITPR2, GTF2F1, ZNF511, SSB, RBM41, PELP1"
"Extracellular vesicles in ovarian cancer chemoresistance, metastasis, and immune evasion",2000,Target EV PD-L1 to enhance anti-tumor immune response and improve immunotherapy outcomes in ovarian cancer.,"EIF4A1, EIF5AL1, KDM3B, PPIG, EPHB2, CLPP, ITPR2, GTF2F1, ZNF511, SSB, RBM41, PELP1"
"Extracellular vesicles in ovarian cancer chemoresistance, metastasis, and immune evasion",2000,Use EVs to modulate macrophage polarization from M2 (tumor-promoting) to M1 (tumor-suppressing) phenotype to counteract immune evasion in ovarian cancer.,"EIF4A1, EIF5AL1, KDM3B, PPIG, EPHB2, CLPP, ITPR2, GTF2F1, ZNF511, SSB, RBM41, PELP1"
"Extracellular vesicles in ovarian cancer chemoresistance, metastasis, and immune evasion",2000,Develop immunotherapies targeting follicle-stimulating hormone receptor (FSHR) carried by EVs for ovarian cancer treatment.,"EIF4A1, EIF5AL1, KDM3B, PPIG, EPHB2, CLPP, ITPR2, GTF2F1, ZNF511, SSB, RBM41, PELP1"
HE4 level in ascites may assess the ovarian cancer chemotherapeutic effect,2000,"Measure human epididymis protein 4 (HE4) levels in ovarian cancer ascites, alone or combined with serum carbohydrate antigen 125 (CA125) levels, to assess therapeutic effect and predict chemoresistance in ovarian cancer patients with ascites.",TTF1
HE4 level in ascites may assess the ovarian cancer chemotherapeutic effect,2000,"Use combined testing of HE4 and CA125 as a prognostic marker to monitor treatment response and disease progression in ovarian cancer patients, especially to identify chemotherapy resistance.",TTF1
High BMP7 expression is associated with poor prognosis in ovarian cancer,2023,"Investigate combined therapeutic strategies targeting BMP7 signaling and calpain system proteins, given their strong correlation and joint role in ovarian cancer progression.",CAPN5
High levels of pretreatment CA125 are associated to improved survival in high grade serous ovarian carcinoma,2000,"Use pretreatment serum CA125 levels as a prognostic biomarker in epithelial ovarian cancer (EOC) patients, particularly in high grade serous carcinoma (HGSC) at FIGO stage III. Specifically, patients with CA125 levels higher than 500 U/mL have an improved survival rate and should be stratified accordingly in clinical decision-making.",TTF1
69,2018,Use 2-piperidinone and 1-heptadecanoylglycerophosphoethanolamine as serum biomarkers for early diagnosis and clinical evaluation of ovarian cancer due to their high sensitivity and specificity.,"NACA2, EIF4A1"
69,2018,"Monitor metabolic pathways related to fatty acid β-oxidation, phospholipid metabolism, and bile acid metabolism in ovarian cancer patients to understand disease progression and therapeutic response.","NACA2, EIF4A1, MTX1"
69,2018,"Consider targeting phospholipid metabolism pathways, including lysophosphatidic acid (LPA) signaling, to inhibit ovarian cancer cell proliferation, invasion, and metastasis.","NACA2, EIF4A1"
69,2018,Explore inhibition of diacylglycerol kinase (DGK) α to promote T cell activation and enhance cancer immunotherapy efficacy in ovarian cancer.,"NACA2, EIF4A1"
A Novel Multiple Biomarker Panel for the Early Detection of High-grade Serous Ovarian Carcinoma,2016,"Use a 4-marker serum biomarker panel consisting of CA125, HE4, E-CAD, and IL-6 for improved early detection of high-grade serous ovarian carcinoma, as it shows higher sensitivity and specificity compared to CA125 or HE4 alone or their combination.",ACPP
A Novel Multiple Biomarker Panel for the Early Detection of High-grade Serous Ovarian Carcinoma,2016,"Implement the 4-marker panel (CA125, HE4, E-CAD, IL-6) as a clinical tool for triaging women with pelvic masses to improve specificity and positive predictive value, potentially reducing unnecessary surgeries.",ACPP
A Novel Multiple Biomarker Panel for the Early Detection of High-grade Serous Ovarian Carcinoma,2016,Further validate the 4-marker panel in larger independent cohorts to confirm its utility for early detection and clinical application in high-grade serous ovarian carcinoma screening.,ACPP
Kinetics of HE4 and CA125 as prognosis biomarkers during neoadjuvant chemotherapy in advanced epithelial,2010,"Monitor serum HE4 levels during neoadjuvant chemotherapy cycles, especially from the second cycle onward, to predict tomographic response and identify patients less likely to respond to treatment.",NACA2
Kinetics of HE4 and CA125 as prognosis biomarkers during neoadjuvant chemotherapy in advanced epithelial,2010,Assess the reduction in HE4 levels between baseline and after the first chemotherapy cycle as an early indicator of treatment response to guide clinical decisions on continuing or modifying chemotherapy.,NACA2
76,,"Use EIF2B5 mRNA expression levels as a prognostic biomarker to predict overall survival in ovarian cancer patients, with low EIF2B5 expression indicating a poorer prognosis and potentially guiding treatment planning.",EIF5AL1
79,2015,"Use miR-200 family members (miR-200a, miR-200b, miR-200c, miR-141, miR-429) as diagnostic biomarkers for early detection of ovarian cancer and to predict chemoresistance, especially paclitaxel sensitivity.","DVL2, TUBBP6"
79,2015,Employ let-7 family miRNAs as prognostic biomarkers and therapeutic targets due to their tumor suppressor roles and association with poor survival when downregulated.,KDM3B
79,2015,Target miR-21 and miR-214 to overcome chemoresistance in ovarian cancer by modulating the PTEN/PI3K/AKT pathway.,"PPIG, SMURF1"
79,2015,"Use circulating serum miRNAs such as miR-21, miR-92, miR-93, miR-126, and miR-29a as non-invasive diagnostic biomarkers for ovarian cancer screening and monitoring.","EIF4A1, EIF5AL1"
79,2015,"Monitor miR-221 expression levels as a diagnostic and prognostic biomarker associated with ovarian cancer stage, grade, and chemoresistance.",PPIG
79,2015,"Evaluate miR-30 family members (miR-30c, miR-30d, miR-30e-3p) and miR-532-5p expression for differential staging and grading of ovarian carcinoma and as potential prognostic biomarkers.","C17orf74, C17orf81"
79,2015,"Use miR-34a/b/c expression status as a biomarker for ovarian cancer progression and EMT regulation, especially in the context of p53 mutation status.",PPIG
79,2015,Consider miR-376c as a therapeutic target to sensitize ovarian cancer cells to cisplatin by modulating ALK7 expression.,EPHB2
79,2015,"Incorporate miRNA expression profiling (e.g., miR-145, miR-200a, miR-200c, miR-21) into clinical practice for early detection, prognosis, and monitoring of ovarian cancer progression and therapeutic response.","PPIG, EIF4A1, EIF5AL1"
MicroRNAs as Potential Biomarkers in Gynecological Cancers,2023,Combine the measurement of miR-200c-3p and miR-221-3p expression with CA-125 serum marker to significantly increase diagnostic accuracy for ovarian cancer.,"RPL19P12, PSMD14"
MicroRNAs as Potential Biomarkers in Gynecological Cancers,2023,Use the combination of overexpressed miR-1307 and miR-375 with CA-125 and HE4 markers to improve diagnostic accuracy of ovarian cancer.,"MTX1, ACPP"
MicroRNAs as Potential Biomarkers in Gynecological Cancers,2023,Determine expression of miR-205 together with CA-125 and HE4 to significantly increase diagnostic sensitivity and specificity in ovarian cancer.,"PPIG, C17orf74"
MicroRNAs as Potential Biomarkers in Gynecological Cancers,2023,"Use a miRNA panel including miR-200a-3p, miR-26a-5p, miR-766-3p, let-7d-5p, miR-142-3p, and miR-328-3p combined with CA-125 to achieve high diagnostic accuracy for ovarian cancer.","EIF4A1, DYNC1I2, KDM3B, LEMD2, DVL2, GPN3"
MicroRNAs as Potential Biomarkers in Gynecological Cancers,2023,Consider miR-200c as a therapeutic target to enhance the anticancer efficacy of PARP inhibitors in ovarian cancer treatment.,"RPL19P12, PSMD14"
MicroRNAs as Potential Biomarkers in Gynecological Cancers,2023,Use miR-506-3p to improve response to PARP inhibitors in ovarian cancer therapy.,"RPL19P12, PSMD14"
Microsoft Word - 100710.docx,2015,"Target HE4 as a novel therapeutic target for ovarian cancer to inhibit tumor proliferation, invasion, and metastasis.","EIF4A1, EIF5AL1, KDM3B, EEA1, POTEE, KIAA1751, TTF1, GBAP1, MTX1, ACPP, RPL19P12, PSMD14, PPIG, C17orf74, CCDC112, BBS5, LEMD2, SMURF1, SPDYE3, PCDP1, CAPN5, HIST2H2AC, NUP214, GPN3, SS18, WDR60, C18orf21, DVL2, RNASEK, TEX11, LRRC37A3, CDKN2AIPNL, LSMD1, WBP11P1, ICT1, TOR1B, EPHB2, PHKA2, CLK2P, CLPP, CYB5D1, MED31, ITPR2, ATP5L2, CRYBG3, MPDU1, UBR3, ORC2L, LARS2, GTF2F1, ZNF511, SSB, RBM41, GPR123, CHCHD3, GLRX3, PELP1, C17orf81"
Microsoft Word - 100710.docx,2015,"Use HE4 as a biomarker for monitoring ovarian cancer recurrence and therapeutic response, including prediction of chemotherapy response and prognosis.","EIF4A1, EIF5AL1, KDM3B, EEA1, POTEE, KIAA1751, TTF1, GBAP1, MTX1, ACPP, RPL19P12, PSMD14, PPIG, C17orf74, CCDC112, BBS5, LEMD2, SMURF1, SPDYE3, PCDP1, CAPN5, HIST2H2AC, NUP214, GPN3, SS18, WDR60, C18orf21, DVL2, RNASEK, TEX11, LRRC37A3, CDKN2AIPNL, LSMD1, WBP11P1, ICT1, TOR1B, EPHB2, PHKA2, CLK2P, CLPP, CYB5D1, MED31, ITPR2, ATP5L2, CRYBG3, MPDU1, UBR3, ORC2L, LARS2, GTF2F1, ZNF511, SSB, RBM41, GPR123, CHCHD3, GLRX3, PELP1, C17orf81"
Microsoft Word - 100710.docx,2015,Monitor integrin β5 expression as it correlates positively with HE4 expression and is associated with chemotherapy resistance and poor prognosis in ovarian cancer.,ITPR2
Microsoft Word - 100710.docx,2015,"Use plasma miR-200b concentration variation (post- minus pre-treatment) as a prognostic biomarker to predict progression-free survival (PFS) in ovarian carcinoma patients, complementary to CA-125 monitoring.",TTF1
Microsoft Word - 100710.docx,2015,"Incorporate sequential plasma miR-200b measurements before and after primary treatment to identify ovarian carcinoma patients at high risk of relapse, enabling tailored adjuvant therapy strategies.",TTF1
Predicting chemoresponsiveness in epithelial ovarian cancer patients using circulating small extracellular vesicle-derived plasma gelsolin,2010,Use the ratio of total plasma gelsolin (pGSN) to small extracellular vesicle-derived plasma gelsolin (sEV-pGSN) measured from patient plasma samples prior to chemotherapy as a predictive biomarker to identify epithelial ovarian cancer (EOC) patients likely to be chemoresistant (progression free interval ≤ 12 months). This biomarker ratio outperforms CA125 and individual pGSN measurements in predicting chemoresponsiveness and can inform treatment planning and follow-up strategies.,POTEE
92,2020,"Monitor serum CA125 levels dynamically, specifically calculating the CA125 half-life, to predict progression-free survival (PFS) in patients with epithelial ovarian carcinoma (EOC). Use CA125 half-life as an independent prognostic biomarker to identify patients at higher risk of disease progression and adjust individualized treatment plans accordingly.",ACPP
HDBMR_2170606 1..12,2000,"Use TGF-β2 mRNA and protein expression levels as predictive biomarkers for poor prognosis in ovarian cancer patients, especially those with serous, poorly differentiated, advanced-stage tumors, TP53 mutations, or undergoing chemotherapy with platins, Taxol, or a combination of platin+Taxol.",ACPP
HDBMR_2170606 1..12,2000,"Use TGF-β3 mRNA expression as a biomarker to predict poor overall survival and progression-free survival in ovarian cancer patients, particularly in serous ovarian carcinoma and those with TP53 mutations. Monitor TGF-β3 levels to assess prognosis and chemotherapy response.",ACPP
HDBMR_2170606 1..12,2000,"Do not use TGF-β1 and TGF-β4 expression levels as prognostic biomarkers for ovarian cancer, as they showed no significant association with survival outcomes.",ACPP
HDBMR_2170606 1..12,2000,"Develop and investigate inhibitors targeting TGF-β2 to potentially improve clinical outcomes in ovarian cancer patients, especially those with poor prognosis markers.",ACPP
94,2015,"Use Nrf2 expression as an independent prognostic biomarker to identify ovarian carcinoma patients with poorer disease-free survival (DFS) and overall survival (OS), particularly in serous carcinoma subtype.",NACA2
94,2015,"Consider targeting Nrf2 for therapeutic intervention to overcome platinum-based chemotherapy resistance in ovarian epithelial carcinoma, especially in serous carcinoma with high Nrf2 expression.",NACA2
94,2015,"Use p16 immunoexpression as a prognostic marker in univariate analysis to predict disease-free survival and overall survival in ovarian carcinoma, with caution as it loses significance in multivariate analysis.",CDKN2AIPNL
94,2015,"Monitor Keap1 expression levels in ovarian carcinoma subtypes, especially serous carcinoma, as it shows highest cytoplasmic immunoexpression, although it was not an independent prognostic factor.",HSP90B3P
94,2015,"Evaluate E-cadherin expression as a biomarker for tumor subtype differentiation and potential involvement in tumor proliferation and metastasis, though it was not a significant prognostic factor in this study.",NACA2
95,2022,"Consider the application of autophagy inhibitors in patients with high-grade serous carcinoma (HGSC) of ovarian cancer, characterized by high p62 and LC3 expression and low Beclin1 expression, to potentially improve therapy response.","NACA2, EIF4A1, EIF5AL1"
95,2022,"Use combined immunohistochemical analysis of p62, LC3, and Beclin1 expression as prognostic and predictive biomarkers in epithelial ovarian carcinoma (EOC) to guide clinical management and therapy decisions.","NACA2, EIF4A1, EIF5AL1"
95,2022,"Incorporate autophagy marker expression profiling (p62, LC3, Beclin1) in histopathological evaluation of ovarian tumors to assess tumor aggressiveness, stage, and differentiation, aiding in risk stratification.","NACA2, EIF4A1, EIF5AL1"
95,2022,Consider combining autophagy inhibitors with platinum-based chemotherapy in aggressive epithelial ovarian carcinoma subtypes exhibiting high LC3 and p62 expression to potentially overcome chemoresistance.,"NACA2, EIF4A1, EIF5AL1"
Microsoft Word - 100710.docx,2017,Use high expression of HOTAIR as a prognostic biomarker to predict shorter overall survival in ovarian cancer patients.,TTF1
Microsoft Word - 100710.docx,2017,"Consider lncRNAs including HOTAIR, CCAT2, NEAT1, C17orf91, UCA1, ANRIL, AB073614, and TC0101441 as potential prognostic markers for poor prognosis in ovarian carcinoma.","C17orf74, C17orf81"
Microsoft Word - 100710.docx,2017,"Consider decreased expression of ASAP1-IT1, FAM215A, LINC00472, RP11-284N8.3.1, and AC104699.1.1 as markers related to poor prognosis in ovarian carcinoma.","C17orf74, C17orf81"